,mean_fit_time,std_fit_time,mean_score_time,std_score_time,param_n_estimators,params,split0_test_score,split1_test_score,split2_test_score,split3_test_score,split4_test_score,mean_test_score,std_test_score,rank_test_score
0,0.3879246711730957,0.09151571278826241,0.025745916366577148,0.008155808886196401,10,{'n_estimators': 10},0.9880952380952381,1.0,1.0,1.0,1.0,0.9976190476190476,0.004761904761904744,5
1,1.1158834457397462,0.167146302030784,0.04931406974792481,0.015140636315912977,50,{'n_estimators': 50},0.9928571428571429,1.0,1.0,1.0,1.0,0.9985714285714286,0.0028571428571428467,2
2,1.5582508087158202,0.14104848193852199,0.07188506126403808,0.008140938224530549,100,{'n_estimators': 100},0.9928571428571429,1.0,1.0,1.0,1.0,0.9985714285714286,0.0028571428571428467,2
3,4.875030374526977,0.9581034536771666,0.22214097976684571,0.041359975237203174,300,{'n_estimators': 300},0.9928571428571429,1.0,1.0,1.0,1.0,0.9985714285714286,0.0028571428571428467,2
4,6.493295001983642,0.2616558019303166,0.3249043464660645,0.04681742860991159,500,{'n_estimators': 500},0.9952380952380953,1.0,1.0,1.0,1.0,0.9990476190476191,0.001904761904761898,1
